{
  "strategy_name": "Confidence-Weighted Voting",
  "w_style": 0.92,
  "w_knowledge": 0.32,
  "accuracy": 0.4356684693749214,
  "precision": 0.5500156461875456,
  "recall": 0.5308567401590657,
  "f1_score": 0.540266393442623
}