{
  "strategy_name": "Weighted Voting + Threshold",
  "best_params": {
    "w_style": 0.5,
    "w_knowledge": 0.45000000000000007,
    "threshold": 0.4
  },
  "gridsearch_configs_tested": 125,
  "accuracy": 0.4653502704062382,
  "precision": 0.562157935887412,
  "recall": 0.651464814255512,
  "f1_score": 0.6035254616675993
}